城市,车站
七台河,七台河
七台河,七台河西
七台河,倭肯
七台河,勃利
七台河,杏树
万宁,万宁
万宁,和乐
万宁,神州
万州,万州
万州,万州北
万象,万象
三亚,三亚
三亚,亚龙湾
三亚,凤凰机场
三亚,南山北
三亚,天涯海角
三亚,崖州
三亚,崖州湾
三明,三元区
三明,三元西
三明,三明
三明,三明北
三明,大田北
三明,宁化
三明,将乐
三明,尤溪
三明,明溪
三明,杨源
三明,水茜
三明,永安
三明,永安南
三明,泰宁
三明,清流
三门峡,三门峡
三门峡,三门峡南
三门峡,三门峡西
三门峡,义马
三门峡,渑池
三门峡,渑池南
三门峡,灵宝
三门峡,灵宝西
上杭,蛟洋
上海,上海
上海,上海南
上海,上海松江
上海,上海虹桥
上海,上海西
上海,南翔北
上海,安亭北
上海,安亭西
上海,松江北
上海,海湾
上海,练塘
上海,芦潮港
上海,金山北
上饶,上饶
上饶,五府山
上饶,余干
上饶,婺源
上饶,弋阳
上饶,德兴
上饶,德兴东
上饶,横峰
上饶,玉山
上饶,玉山南
上饶,鄱阳
上饶,鄱阳北
东方,东方
东方,金月湾
东莞,东城南
东莞,东莞
东莞,东莞东
东莞,东莞南
东莞,东莞港
东莞,东莞西
东莞,中堂
东莞,厚街
东莞,大朗镇
东莞,寮步
东莞,常平
东莞,常平东
东莞,常平南
东莞,望牛墩
东莞,松山湖北
东莞,樟木头
东莞,樟木头东
东莞,洪梅
东莞,石龙
东莞,虎门
东莞,虎门东
东莞,虎门北
东莞,西平西
东莞,道滘
东莞,银瓶
东莞,长安
东莞,长安西
东莞,麻涌
东营,东营
东营,东营南
东营,利津南
个旧,个旧
中卫,中卫
中卫,中卫南
中卫,中宁
中卫,中宁东
中卫,中宁南
中卫,土桥子
中卫,大战场
中卫,宣和
中卫,干塘
中卫,李旺
中卫,沙坡头
中卫,营盘水
中卫,长农
中卫,韩府湾
中卫,黄羊滩
中山,东升
中山,中山
中山,中山北
中山,南头
中山,南朗
中山,古镇
中山,小榄
中山,翠亨
丰都,丰都
临川,临川
临汾,临汾
临汾,临汾西
临汾,侯马
临汾,侯马西
临汾,安泽
临汾,洪洞
临汾,洪洞北
临汾,洪洞西
临汾,浮山
临汾,蒲县
临汾,襄汾
临汾,襄汾西
临汾,赵城
临汾,隰县
临汾,霍州
临汾,霍州东
临沂,临沂
临沂,临沂东
临沂,临沂北
临沂,兰陵北
临沂,厉家寨
临沂,坪上
临沂,平邑
临沂,沂南
临沂,沂水
临沂,莒南
临沂,莒南北
临沂,蒙山
临沂,费县
临沂,费县北
临沂,郯城
临沧,临沧
临沧,云县
临高,临高南
丹东,一面山
丹东,东港北
丹东,丹东
丹东,丹东西
丹东,五龙背
丹东,五龙背东
丹东,凤凰城
丹东,凤城东
丹东,刘家河
丹东,北井子
丹东,大孤山
丹东,宽甸
丹东,汤山城
丹东,灌水
丹东,花博山
丹东,通远堡
丹东,通远堡西
丽水,丽水
丽水,壶镇
丽水,庆元
丽水,松阳
丽水,缙云
丽水,缙云西
丽水,遂昌
丽水,青田
丽水,龙泉市
丽江,丽江
乌兰察布,丰镇
乌兰察布,丰镇北
乌兰察布,乌兰察布
乌兰察布,兴和北
乌兰察布,兴和西
乌兰察布,化德
乌兰察布,卓资东
乌兰察布,卓资山
乌兰察布,商都
乌兰察布,土牧尔台
乌兰察布,土贵乌拉
乌兰察布,旗下营
乌兰察布,旗下营南
乌兰察布,白音察干
乌兰察布,集宁南
乌海,乌海
乌海,乌海西
乌鲁木齐,乌西
乌鲁木齐,乌鲁木齐
乌鲁木齐,乌鲁木齐南
乌鲁木齐,达坂城
乐东,乐东
乐东,尖峰
乐东,黄流
乐山,乐山
乐山,夹江
乐山,峨眉
乐山,峨眉山
乐山,峨边南
乐山,沙湾南
乐山,燕岗
乐山,犍为
乐山,金口河南
九江,九江
九江,共青城
九江,庐山
九江,彭泽
九江,德安
九江,永修
九江,湖口
九江,瑞昌
九江,瑞昌西
九江,都昌
二连浩特,二连
于都,于都
于都,于都北
云浮,云浮东
云浮,南江口
云浮,新兴县
云浮,郁南
云阳,云阳
亳州,亳州
亳州,亳州南
亳州,利辛西
亳州,古城东
亳州,涡阳
亳州,芦庙
仙桃,仙桃
仙桃,仙桃西
仪征,仪征
伊宁,伊宁
伊宁,伊宁东
伊宁,奎屯
伊宁,尼勒克
伊宁,布列开
伊宁,霍城
伊宁,霍尔果斯
伊春,乌伊岭
伊春,五营
伊春,伊春
伊春,南岔
伊春,友好
伊春,双丰
伊春,带岭
伊春,新青
伊春,晨明
伊春,朗乡
伊春,桃山
伊春,汤旺河
伊春,浩良河
伊春,王杨
伊春,神树
伊春,红山
伊春,红星
伊春,美溪
伊春,西林
伊春,金山屯
伊春,铁力
佛山,三水
佛山,三水北
佛山,三水南
佛山,云东海
佛山,佛山
佛山,佛山西
佛山,北滘
佛山,北滘西
佛山,容桂
佛山,张槎
佛山,狮山
佛山,狮山北
佛山,碧江
佛山,陈村
佛山,顺德
佛山,顺德北
佛山,顺德学院
佳木斯,东二道河
佳木斯,佳木斯
佳木斯,佳木斯西
佳木斯,前进镇
佳木斯,前锋
佳木斯,同江
佳木斯,孟家岗
佳木斯,富锦
佳木斯,寒葱沟
佳木斯,建三江
佳木斯,抚远
佳木斯,换新天
佳木斯,汤原
佳木斯,洪河
佳木斯,莲江口
佳木斯,香兰
佳木斯,鹤北
佳木斯,鹤立
保定,保定
保定,保定东
保定,北屯
保定,南城司
保定,塔崖驿
保定,大盘石
保定,奇峰塔
保定,定州
保定,定州东
保定,小西庄
保定,徐水
保定,望都
保定,板城
保定,浮图峪
保定,涞源
保定,涿州
保定,涿州东
保定,王安镇
保定,白沟
保定,白洋淀
保定,白涧
保定,百里峡
保定,福山口
保定,紫荆关
保定,艾河
保定,野三坡
保定,雄安
保定,高碑店
保定,高碑店东
保山,保山
信阳,信阳
信阳,信阳东
信阳,光山
信阳,商城
信阳,固始
信阳,息县
信阳,新县
信阳,明港
信阳,明港东
信阳,淮滨
信阳,潢川
信阳,罗山
儋州,海头
儋州,白马井
儋州,银滩
元江,元江
克拉玛依,五五
克拉玛依,克拉玛依
六安,六安
六安,叶集
六安,舒城
六安,舒城东
六安,金寨
六安,霍邱
六盘水,三家寨
六盘水,上西铺
六盘水,六枝
六盘水,六枝南
六盘水,六盘水
六盘水,六盘水东
六盘水,冷坝
六盘水,发耳
六盘水,威箐
六盘水,小雨谷
六盘水,平关
六盘水,平田
六盘水,新坪田
六盘水,月亮田
六盘水,松河
六盘水,柏果
六盘水,沙沱
六盘水,玉舍
六盘水,瓦窑田
六盘水,白鸡坡
六盘水,盘关
六盘水,盘州
六盘水,红果
六盘水,花家庄
六盘水,茅草坪
六盘水,营街
六盘水,葡萄菁
六盘水,都格
六盘水,长箐
六盘水,雨格
六盘水,鲁番
兰州,中川机场东
兰州,丰水村
兰州,兰州
兰州,兰州东
兰州,兰州新区
兰州,兰州西
兰州,坡底下
兰州,夏官营
兰州,朱家窑
兰州,桑园子
兰州,榆中
兰州,水源
兰州,永登
兰州,永登北
兰州,河口南
兰州,海石湾
兰州,王家湾
兰州,甘草店
兰州,皋兰
兰州,福利区
兰州,秦王川
兰州,西固
兰州,西固城
兰州,许家台
兰州,邵家堂
兰州,陈官营
兰州,骆驼巷
兰州,龙泉寺
兴义,兴义
兴义,册亨
兴义,威舍
兴义,安龙
兴义,岔江
兴义,普安县
兴义,革居
兴安,乌兰浩特
兴安,五叉沟
兴安,卫东
兴安,吐列毛杜
兴安,大石寨
兴安,宁家
兴安,德伯斯
兴安,明水河
兴安,白狼
兴安,白音华南
兴安,白音胡硕
兴安,索伦
兴安,葛根庙
兴安,西乌旗
兴安,西哲里木
兴安,阿尔山
兴安,阿尔山北
内江,内江
内江,内江东
内江,内江北
内江,威远
内江,白马北
内江,资中北
内江,资中西
内江,隆昌
内江,隆昌北
凤阳,凤阳
凯里,三穗
凯里,从江
凯里,凯里
凯里,凯里南
凯里,施秉
凯里,榕江
凯里,镇远
加查,加查
加格达奇,加格达奇
加格达奇,古莲
加格达奇,图强
加格达奇,塔河
加格达奇,小扬气
加格达奇,新林
加格达奇,林海
加格达奇,漠河
加格达奇,瓦拉干
加格达奇,阿木尔
勐腊,勐腊
勐腊,磨憨
包头,包头
包头,包头东
包头,昆都仑召
包头,白云鄂博
包头,萨拉齐
北京,三合庄
北京,三家店
北京,上万
北京,乔庄东
北京,云居寺
北京,亦庄
北京,八达岭
北京,八达岭长城
北京,北京
北京,北京东
北京,北京丰台
北京,北京北
北京,北京南
北京,北京大兴
北京,北京朝阳
北京,北京西
北京,北宅
北京,十渡
北京,南口
北京,南观村
北京,古北口
北京,大兴机场
北京,大灰厂
北京,孤山口
北京,安定
北京,官高
北京,密云
北京,密云北
北京,平峪
北京,庙城
北京,康庄
北京,延庆
北京,张辛
北京,怀柔
北京,怀柔北
北京,怀柔南
北京,斜河涧
北京,昌平
北京,昌平北
北京,沙河
北京,沿河城
北京,清华园
北京,清河
北京,燕山
北京,牛栏山
北京,珠窝
北京,石景山南
北京,礼贤
北京,统军庄
北京,良乡
北京,良各庄
北京,落坡岭
北京,通州
北京,通州西
北京,雁栖湖
北京,雁翅
北京,顺义
北京,顺义西
北京,黄土店
北京,黄村
北京,黑山寺
北海,北海
北海,合浦
十堰,丹江口
十堰,十堰
十堰,十堰东
十堰,武当山
十堰,武当山西
华阴,华山
华阴,华山北
南京,中华门
南京,仙林
南京,六合
南京,南京
南京,南京南
南京,江宁
南京,江宁西
南京,溧水
南充,仪陇
南充,南充
南充,南充北
南充,南部
南充,营山
南充,蓬安
南充,蓬安西
南充,阆中
南充,马鞍
南宁,南宁
南宁,南宁东
南宁,南宁北
南宁,南宁西
南宁,吴圩
南宁,吴圩机场
南宁,大元
南宁,大拟
南宁,大王滩
南宁,宁村
南宁,宾阳
南宁,横州
南宁,百浪
南宁,那罗
南宁,那铺
南宁,隆安东
南宁,马山县
南宁,黎塘
南川,南川北
南川,水江西
南平,光泽
南平,南平市
南平,延平
南平,延平东
南平,延平西
南平,建瓯
南平,建瓯东
南平,建瓯西
南平,建阳
南平,政和
南平,松溪
南平,武夷山
南平,武夷山北
南平,邵武
南平,顺昌
南昌,南昌
南昌,南昌东
南昌,南昌南
南昌,南昌西
南昌,向塘
南昌,进贤
南昌,进贤北
南昌,进贤南
南涧,小湾东
南通,南通
南通,南通西
南通,启东
南通,如东
南通,如皋
南通,如皋南
南通,栟茶
南通,海安
南通,海门
南阳,内乡
南阳,南召
南阳,南阳
南阳,南阳东
南阳,唐河
南阳,方城
南阳,桐柏
南阳,西峡
南阳,邓州
南阳,邓州东
南阳,镇平
博乐,博乐
博乐,博乐东
博乐,双河市
博乐,精河
博乐,精河南
博乐,阿拉山口
厦门,厦门
厦门,厦门北
厦门,厦门高崎
双鸭山,丰乐镇
双鸭山,双鸭山
双鸭山,双鸭山西
双鸭山,太平镇
双鸭山,宝清
双鸭山,新友谊
双鸭山,福利屯
双鸭山,笔架山
双鸭山,红兴隆
台州,三门县
台州,临海
台州,临海南
台州,仙居
台州,仙居南
台州,台州
台州,台州西
台州,天台山
台州,头门港
台州,杜桥
台州,温岭
合川,合川
合肥,合肥
合肥,合肥北城
合肥,合肥南
合肥,巢湖
合肥,巢湖东
合肥,庐江
合肥,庐江西
合肥,柘皋
合肥,水家湖
合肥,肥东
合肥,肥西
合肥,蜀山东
合肥,长临河
合肥,龙桥
吉安,万安县
吉安,井冈山
吉安,吉安
吉安,吉安西
吉安,吉水西
吉安,峡江
吉安,新干
吉安,新干东
吉安,泰和
吉安,龙市
吉林,双吉
吉林,吉林
吉林,吉舒
吉林,明城
吉林,烟筒山
吉林,磐石
吉林,舒兰
吉林,蛟河
吉林,蛟河西
吉首,凤凰古城
吉首,古丈西
吉首,吉首
吉首,吉首东
吉首,猛洞河
吉首,芙蓉镇
吉首,龙山北
吐鲁番,吐哈
吐鲁番,吐鲁番
吐鲁番,吐鲁番北
吐鲁番,鄯善
吐鲁番,鄯善北
吕梁,临县
吕梁,交城
吕梁,兑镇
吕梁,吕梁
吕梁,孝南
吕梁,孝西
吕梁,岚县
吕梁,文水
吕梁,柳林南
吕梁,汾阳
吕梁,白壁关
吕梁,白文东
吕梁,石楼县
吕梁,蔡家崖
吕梁,阳泉曲
吴忠,同心
吴忠,吴忠
吴忠,太阳山
吴忠,惠安堡
吴忠,王团庄
吴忠,盐池
吴忠,石坝
吴忠,红寺堡
吴忠,红寺堡北
吴忠,艾家村
吴忠,青铜峡
周口,周口
周口,周口东
周口,扶沟南
周口,沈丘
周口,沈丘北
周口,淮阳南
周口,西华
周口,项城
呼伦贝尔,乌奴耳
呼伦贝尔,乌尔旗汗
呼伦贝尔,伊图里河
呼伦贝尔,伊敏
呼伦贝尔,克一河
呼伦贝尔,免渡河
呼伦贝尔,南木
呼伦贝尔,博克图
呼伦贝尔,吉文
呼伦贝尔,哈拉苏
呼伦贝尔,喀喇其
呼伦贝尔,图里河
呼伦贝尔,塔尔气
呼伦贝尔,大其拉哈
呼伦贝尔,大杨树
呼伦贝尔,大雁
呼伦贝尔,嵯岗
呼伦贝尔,巴林
呼伦贝尔,库都尔
呼伦贝尔,得耳布尔
呼伦贝尔,成吉思汗
呼伦贝尔,扎兰屯
呼伦贝尔,扎赉诺尔西
呼伦贝尔,新帐房
呼伦贝尔,新绰源
呼伦贝尔,根河
呼伦贝尔,海拉尔
呼伦贝尔,满归
呼伦贝尔,满洲里
呼伦贝尔,牙克石
呼伦贝尔,甘河
呼伦贝尔,索图罕
呼伦贝尔,红彦
呼伦贝尔,莫尔道嘎
呼伦贝尔,金河
呼伦贝尔,阿里河
呼伦贝尔,阿龙山
呼和浩特,呼和浩特
呼和浩特,呼和浩特东
呼和浩特,察素齐
呼和浩特,托克托东
和田,于田
和田,和田
和田,墨玉
和田,昆玉
和田,民丰
和田,洛浦
和田,玉泉镇
和田,皮山
和田,策勒
咸宁,咸宁
咸宁,咸宁东
咸宁,咸宁北
咸宁,咸宁南
咸宁,横沟桥东
咸宁,贺胜桥东
咸宁,赤壁
咸宁,赤壁北
咸阳,三原
咸阳,乾县
咸阳,兴平
咸阳,咸阳
咸阳,咸阳北
咸阳,咸阳西
咸阳,彬州
咸阳,彬州东
咸阳,杨陵
咸阳,杨陵南
咸阳,武功
咸阳,永寿
咸阳,永寿西
咸阳,礼泉
咸阳,礼泉南
咸阳,长武
哈密,哈密
哈尔滨,一面坡
哈尔滨,一面坡北
哈尔滨,万乐
哈尔滨,万发屯
哈尔滨,五家
哈尔滨,五常
哈尔滨,亚布力
哈尔滨,亚布力南
哈尔滨,亚布力西
哈尔滨,依兰
哈尔滨,兰棱
哈尔滨,兴隆镇
哈尔滨,双城北
哈尔滨,双城堡
哈尔滨,双龙湖
哈尔滨,周家
哈尔滨,呼兰
哈尔滨,哈尔滨
哈尔滨,哈尔滨东
哈尔滨,哈尔滨北
哈尔滨,哈尔滨西
哈尔滨,孙家
哈尔滨,安家
哈尔滨,宏克力
哈尔滨,宾州
哈尔滨,宾西北
哈尔滨,对青山
哈尔滨,小岭
哈尔滨,尚志
哈尔滨,尚志南
哈尔滨,帽儿山
哈尔滨,帽儿山西
哈尔滨,平山
哈尔滨,平房
哈尔滨,康金井
哈尔滨,徐家
哈尔滨,得莫利
哈尔滨,成高子
哈尔滨,拉林
哈尔滨,新松浦
哈尔滨,新香坊北
哈尔滨,方正
哈尔滨,沈家
哈尔滨,滨江
哈尔滨,牛家
哈尔滨,玉泉
哈尔滨,王兆屯
哈尔滨,王岗
哈尔滨,白奎堡
哈尔滨,石人城
哈尔滨,背荫河
哈尔滨,胜利镇
哈尔滨,苇河
哈尔滨,苇河西
哈尔滨,达连河
哈尔滨,阿城
哈尔滨,阿城北
哈尔滨,香坊
哈尔滨,高楞
唐山,南堡北
唐山,唐山
唐山,唐山北
唐山,唐山西
唐山,唐海南
唐山,曹妃甸东
唐山,曹妃甸港
唐山,滦县
唐山,滦河
唐山,玉田南
唐山,玉田县
唐山,迁安
商丘,商丘
商丘,商丘东
商丘,商丘南
商丘,夏邑县
商丘,宁陵县
商丘,民权
商丘,民权北
商丘,永城北
商丘,虞城县
商洛,丹凤
商洛,商南
商洛,商洛
商洛,商洛北
商洛,柞水
商洛,砚川
商洛,镇安
喀什,叶城
喀什,喀什
喀什,图木舒克
喀什,巴楚
喀什,泽普
喀什,疏勒
喀什,英吉沙
喀什,莎车
嘉兴,嘉兴
嘉兴,嘉兴南
嘉兴,嘉善
嘉兴,嘉善南
嘉兴,桐乡
嘉兴,海宁
嘉兴,海宁西
嘉峪关,嘉峪关
嘉峪关,嘉峪关南
嘉峪关,桥西
嘉峪关,绿化
嘉峪关,镜铁山
四平,伊通
四平,双辽
四平,四平
四平,四平东
四平,茂林
固原,七营
固原,三关口
固原,三营
固原,二营
固原,六盘山
固原,固原
固原,彭阳
固原,沈家河
固原,褚家湾
垫江,垫江
塔城,乌苏
塔城,和什托洛盖
塔城,四棵树
塔城,塔城
塔城,沙湾市
塔城,玛纳斯湖
塔城,铁厂沟
塔城,额敏
墨江,墨江
大同,云彩岭
大同,大同
大同,大同南
大同,大涧
大同,天镇
大同,平型关
大同,平旺
大同,招柏
大同,灵丘
大同,阳高
大同,阳高南
大庆,创业村
大庆,卧里屯
大庆,喇嘛甸
大庆,壮志
大庆,大庆
大庆,大庆东
大庆,大庆西
大庆,太阳升
大庆,姜家
大庆,新华屯
大庆,新肇
大庆,杜尔伯特
大庆,林源
大庆,烟筒屯
大庆,独立屯
大庆,立志
大庆,银浪
大理,云南驿
大理,大理
大理,巍山
大理,祥云
大理,鹤庆
大足,大足南
大连,亮甲店
大连,周水子
大连,城子坦
大连,大连
大连,大连北
大连,大连西
大连,夹心子
大连,广宁寺
大连,广宁寺南
大连,庄河北
大连,旅顺
大连,普兰店
大连,杏树屯
大连,沙河口
大连,瓦房店
大连,瓦房店西
大连,登沙河
大连,皮口
大连,皮口南
大连,花园口
大连,营城子
大连,金州
大连,金普
大连,长岭子
大连,青堆
天水,三阳川
天水,东岔
天水,南河川
天水,天水
天水,天水南
天水,张家川
天水,新阳镇
天水,武山
天水,洛门
天水,清水县
天水,渭南镇
天水,甘谷
天水,磐安镇
天水,秦安
天水,贺家店
天水,鸳鸯镇
天津,军粮城北
天津,北辰
天津,塘沽
天津,大口屯
天津,天津
天津,天津北
天津,天津南
天津,天津西
天津,宝坻
天津,宝坻北
天津,宝坻南
天津,崔黄口
天津,曹子里
天津,杨村
天津,杨柳青
天津,武清
天津,汉沽
天津,滨海
天津,滨海北
天津,滨海西
天津,芦台
天津,蓟州
天津,蓟州北
天津,静海
天门,天门北
天门,天门南
太原,北营
太原,古东
太原,古交
太原,太原
太原,太原东
太原,太原南
太原,娄烦
太原,汾河
太原,清徐
太原,镇城底
太原,阳曲
太原,阳曲西
太原,高村
奉节,奉节
威海,乳山
威海,乳山南
威海,威海
威海,威海北
威海,威海南海
威海,文登
威海,文登东
威海,文登南
威海,荣成
娄底,冷水江东
娄底,双峰北
娄底,娄底
娄底,娄底南
娄底,新化
娄底,新化南
娄底,涟源
孝感,云梦
孝感,云梦东
孝感,孝感
孝感,孝感东
孝感,孝感北
孝感,安陆
孝感,安陆西
孝感,应城
孝感,槐荫
孝感,毛陈
孝感,汉川
孝感,花园
孝感,闵集
孟赛,孟赛
宁德,古田
宁德,古田北
宁德,周宁
宁德,太姥山
宁德,宁德
宁德,屏南
宁德,支提山
宁德,福安
宁德,福鼎
宁德,霞浦
宁波,余姚
宁波,余姚北
宁波,奉化
宁波,宁波
宁波,宁波东
宁波,宁海
宁波,庄桥
宁波,溪口
宁洱,宁洱
安庆,天柱山
安庆,太湖
安庆,太湖南
安庆,安庆
安庆,安庆西
安庆,宿松
安庆,宿松东
安庆,怀宁
安庆,桐城
安庆,桐城东
安庆,桐城南
安庆,潜山
安康,大竹园
安康,安康
安康,小河镇
安康,旬阳
安康,旬阳北
安康,棕溪
安康,毛坝关
安康,汉阴
安康,白河东
安康,白河县
安康,石泉县
安康,紫阳
安康,蜀河
安康,高滩
安康,麻柳
安溪,安溪
安阳,内黄
安阳,安阳
安阳,安阳东
安阳,汤阴
安阳,滑浚
安阳,红旗渠
安顺,关岭
安顺,安顺
安顺,安顺西
安顺,平坝南
安顺,普定
安顺,黄桶北
定西,定西
定西,定西北
定西,岷县
定西,李家坪
定西,渭源
定西,漳县
定西,通安驿
定西,通渭
定西,陇西
宜城,宜城
宜宾,兴文
宜宾,兴文南
宜宾,南溪
宜宾,南溪北
宜宾,宜宾
宜宾,宜宾东
宜宾,宜宾西
宜宾,屏山
宜宾,泥溪
宜宾,翠屏
宜宾,长宁
宜昌,兴山
宜昌,宜昌
宜昌,宜昌东
宜昌,当阳
宜昌,枝城
宜昌,枝江北
宜昌,长阳
宜春,丰城
宜春,丰城东
宜春,丰城南
宜春,宜春
宜春,樟树
宜春,樟树东
宜春,高安
宝鸡,凤县
宝鸡,凤州
宝鸡,千河
宝鸡,千阳
宝鸡,卧龙寺
宝鸡,安口窑
宝鸡,宝鸡
宝鸡,宝鸡南
宝鸡,岐山
宝鸡,眉县东
宝鸡,秦岭
宝鸡,绛帐
宝鸡,蔡家坡
宝鸡,虢镇
宝鸡,陇县
宣城,宁国
宣城,宁国南
宣城,宣城
宣城,广德
宣城,广德南
宣城,旌德
宣城,泾县
宣城,绩溪北
宣城,绩溪县
宣城,郎溪南
宿州,宿州
宿州,宿州东
宿州,泗县
宿州,灵璧
宿州,砀山
宿州,砀山南
宿州,萧县
宿州,萧县北
宿州,黄口
宿迁,宿迁
宿迁,沭阳
宿迁,泗洪
宿迁,泗阳
宿迁,洋河
富平,富平
富平,庄里
山南,山南
岗嘎,岗嘎
岳阳,临湘
岳阳,岳阳
岳阳,岳阳东
岳阳,岳阳南
岳阳,汨罗
岳阳,汨罗东
岳阳,路口铺
峨山,化念
峨山,峨山
崇仁,崇仁
崇左,亭亮
崇左,凭祥
崇左,夏石
崇左,宁明
崇左,崇左
崇左,崇左南
崇左,扶绥
崇左,扶绥南
崇左,渠旧
崇左,渠黎
崇左,濑湍
巫山,巫山
巴中,巴中
巴中,巴中东
巴中,巴中西
巴中,平昌
巴中,曾口
巴彦淖尔,临河
巴彦淖尔,乌拉山西
巴彦淖尔,公庙子
巴彦淖尔,刘召
巴彦淖尔,巴彦淖尔
巴彦淖尔,巴彦高勒
巴彦淖尔,杭锦后旗
巴彦淖尔,西小召
巴音郭楞蒙古自治州,且末
巴音郭楞蒙古自治州,南屯
巴音郭楞蒙古自治州,瓦石峡
巴音郭楞蒙古自治州,金山
常州,常州
常州,常州北
常州,戚墅堰
常州,武进
常州,溧阳
常州,瓦屋山
常州,金坛
常德,临澧
常德,常德
常德,桃源
常德,汉寿
常德,汉寿南
常德,澧县北
常德,牛车河
常德,石门县
常德,石门县北
平凉,平凉
平凉,平凉南
平凉,庙庄
平凉,新李
平凉,泾川
平顶山,宝丰
平顶山,平顶山
平顶山,平顶山西
平顶山,汝州
平顶山,郏县
平顶山,鲁山
广元,剑门关
广元,姚渡
广元,广元
广元,朝天
广元,朝天南
广元,苍溪
广元,青川
广安,华蓥
广安,岳池
广安,广安
广安,广安南
广安,武胜
广安,高兴
广州,东环
广州,乐同
广州,化龙南
广州,南沙北
广州,增城
广州,大源
广州,大石东
广州,官桥北
广州,岑村
广州,帽峰山
广州,广州
广州,广州东
广州,广州北
广州,广州南
广州,广州大学城
广州,广州新塘
广州,广州白云
广州,广州莲花山
广州,广州西
广州,广州长隆
广州,新塘南
广州,深井
广州,狮岭
广州,琶洲
广州,番禺
广州,白云机场东
广州,白云机场北
广州,白云机场南
广州,石牌
广州,科韵路
广州,竹料
广州,花城街
广州,花山镇
广州,花都
广州,龙洞
庆阳,宁县
庆阳,庆城
庆阳,庆阳
庆阳,曲子
庆阳,环县
庆阳,甜水堡
庆阳,长庆桥
库尔勒,依吞布拉克
库尔勒,和硕
库尔勒,和静
库尔勒,尉犁
库尔勒,库尔勒
库尔勒,库尔木依
库尔勒,焉耆
库尔勒,米兰
库尔勒,若羌
库尔勒,英库勒
库尔勒,轮台
库尔勒,铁干里克
库尔勒,马兰
廊坊,三河县
廊坊,固安
廊坊,固安东
廊坊,大厂
廊坊,安次
廊坊,广阳
廊坊,廊坊
廊坊,廊坊北
廊坊,廊坊西
廊坊,文安
廊坊,永清东
廊坊,燕郊
廊坊,胜芳
廊坊,霸州
廊坊,霸州北
廊坊,霸州西
廊坊,香河
延安,子长
延安,富县
延安,富县东
延安,延安
延安,洛川北
延安,甘泉
延安,甘泉北
延安,黄陵东
延安,黄陵南
延边,和龙
延边,图们
延边,图们北
延边,大石头南
延边,威虎岭北
延边,安图
延边,安图西
延边,延吉
延边,延吉西
延边,敦化
延边,永庆
延边,汪清
延边,珲春
延边,白河
延边,石岘
延边,苇子沟
延边,长白山
延边,龙井
建宁,建宁南
建宁,建宁县北
开封,兰考
开封,兰考南
开封,宋城路
开封,开封
开封,开封北
开封,运粮河
张家口,下花园
张家口,下花园北
张家口,东花园北
张家口,太子城
张家口,官厅
张家口,官厅西
张家口,宣化
张家口,宣化北
张家口,崇礼
张家口,张家口
张家口,张家口南
张家口,怀安
张家口,怀来
张家口,新保安
张家口,旧庄窝
张家口,柴沟堡
张家口,沙城
张家口,沙岭子
张家口,西八里
张家口,郭磊庄
张家界,张家界
张家界,张家界西
张家界,慈利
张家界,桑植
张掖,临泽
张掖,临泽南
张掖,山丹
张掖,山丹马场
张掖,平原堡
张掖,张掖
张掖,张掖西
张掖,民乐
张掖,狼尾山
张掖,许三湾
张掖,高台
张掖,高台南
彭水,彭水
彭水,彭水西
徐州,徐州
徐州,徐州东
徐州,新沂
徐州,新沂南
徐州,睢宁
徐州,观音机场
徐州,邳州
徐州,邳州东
德令哈,德令哈
德州,临邑
德州,平原
德州,平原东
德州,德州
德州,德州东
德州,晏城
德州,禹城
德州,禹城东
德州,陵城
德州,齐河
德阳,三星堆
德阳,什邡西
德阳,广汉北
德阳,德阳
德阳,绵竹南
德阳,罗江
德阳,罗江东
忻州,下社
忻州,东庄
忻州,东淤地
忻州,五台山
忻州,五寨
忻州,代县
忻州,原平
忻州,原平西
忻州,大营
忻州,宁武
忻州,安塘
忻州,定襄
忻州,岢岚
忻州,平社
忻州,忻州
忻州,忻州西
忻州,枣林
忻州,河边
忻州,神池
忻州,秦家庄
忻州,繁峙
忻州,豆罗
忻州,轩岗
忻州,阳明堡
忻州,雁门关
怀化,会同
怀化,低庄
怀化,安江东
怀化,怀化
怀化,怀化南
怀化,新晃
怀化,新晃西
怀化,溆浦
怀化,溆浦南
怀化,牙屯堡
怀化,芷江
怀化,辰溪
怀化,通道
怀化,靖州
怀化,麻阳
怀化,麻阳西
怀化,黔城
恩施,利川
恩施,咸丰
恩施,巴东
恩施,建始
恩施,恩施
恩施,来凤
恩施,野三关
恩施,高坪
惠州,云山
惠州,仲恺
惠州,博罗
惠州,博罗北
惠州,小金口
惠州,惠东
惠州,惠东南
惠州,惠州
惠州,惠州北
惠州,惠州南
惠州,惠州西
惠州,惠环
惠州,惠阳
惠州,沥林北
惠州,罗浮山
惠州,西湖东
惠州,陈江南
惠州,龙丰
成都,三岔湖
成都,双流机场
成都,双流西
成都,大邑
成都,天府机场
成都,安德
成都,安靖
成都,崇州
成都,彭州
成都,彭州南
成都,成都
成都,成都东
成都,成都南
成都,成都西
成都,新津
成都,新津南
成都,新都东
成都,朝阳湖
成都,步行街
成都,淮口南
成都,温江
成都,犀浦
成都,犀浦东
成都,离堆公园
成都,简阳南
成都,红光镇
成都,羊马
成都,蒲江
成都,西来
成都,迎宾路
成都,邛崃
成都,郫县
成都,郫县西
成都,都江堰
成都,青城山
成都,青白江东
扎囊,扎囊
扬州,宝应
扬州,扬州
扬州,扬州东
扬州,江都
扬州,高邮
扬州,高邮北
承德,上板城
承德,上板城南
承德,下台子
承德,下板城
承德,二道沟门
承德,五道河
承德,六道河子
承德,兴隆县
承德,兴隆县西
承德,前苇塘
承德,北马圈子
承德,南大庙
承德,南湾子
承德,四合永
承德,大杖子
承德,安匠
承德,小寺沟
承德,平泉
承德,平泉北
承德,张百湾
承德,承德
承德,承德东
承德,承德南
承德,承德县北
承德,新杖子
承德,杨树岭
承德,梁底下
承德,榆树沟
承德,洞庙河
承德,流水沟
承德,滦平
承德,滦河沿
承德,潘家店
承德,甲山
承德,白旗
承德,纪家沟
承德,虎什哈
承德,西大庙
承德,超梁沟
承德,金沟屯
承德,隆化
承德,韩麻营
承德,鹰手营子
抚州,东乡
抚州,南丰
抚州,南城
抚州,抚州
抚州,抚州东
抚州,抚州北
抚顺,南口前
抚顺,南杂木
抚顺,大官屯
抚顺,抚顺
抚顺,新宾
抚顺,李石寨
抚顺,清原
拉萨,尼木
拉萨,拉萨
拉萨,曲水县
揭阳,惠来
揭阳,揭阳
揭阳,揭阳南
揭阳,揭阳机场
揭阳,普宁
揭阳,葵潭
攀枝花,拉鲊
攀枝花,攀枝花
攀枝花,攀枝花南
攀枝花,盐边
攀枝花,米易东
攀枝花,花棚子
攀枝花,迤资
文山,富宁
文山,广南县
文山,普者黑
文山,珠琳
文昌,文昌
新乡,卫辉
新乡,卫辉南
新乡,新乡
新乡,新乡东
新乡,新乡南
新乡,获嘉
新乡,长垣
新余,分宜
新余,新余
新余,新余北
无锡,宜兴
无锡,惠山
无锡,无锡
无锡,无锡东
无锡,无锡新区
无锡,江阴
日喀则,仁布
日喀则,日喀则
日照,五莲
日照,岚山西
日照,日照
日照,日照西
日照,莒县
昆明,七甸
昆明,乐善村
昆明,宜耐
昆明,宜良北
昆明,小哨
昆明,小新街
昆明,嵩明
昆明,广南卫
昆明,施家嘴
昆明,昆明
昆明,昆明南
昆明,昆阳
昆明,杨林
昆明,永丰营
昆明,班猫箐
昆明,石林
昆明,石林西
昆明,羊堡
昆明,茂舍祖
昆明,西街口
昆明,读书铺
昆明,金马村
昌吉,准东
昌吉,玛纳斯
昌吉,魏家泉
昌江,棋子湾
昭通,以勒
昭通,威信
昭通,昭通
昭通,果珠
昭通,水富
昭通,镇雄
晋中,介休
晋中,介休东
晋中,和顺县
晋中,太谷
晋中,太谷东
晋中,太谷西
晋中,寿阳
晋中,左权
晋中,平遥
晋中,平遥古城
晋中,张兰
晋中,昔阳
晋中,晋中
晋中,榆次
晋中,榆社
晋中,榆社西
晋中,灵石
晋中,灵石东
晋中,祁县
晋中,祁县东
晋城,嘉峰
晋城,晋城
晋城,晋城东
晋城,晋城北
晋城,西阳村
晋城,阳城
晋城,高平
晋城,高平东
普洱,普洱
景德镇,万年
景德镇,乐平北
景德镇,乐平市
景德镇,景德镇
景德镇,景德镇北
景德镇,浮梁东
景洪,橄榄坝
景洪,西双版纳
景洪,野象谷
曲靖,中寨
曲靖,吴官田
曲靖,大田边
曲靖,宣威
曲靖,富源
曲靖,富源北
曲靖,小得江
曲靖,师宗
曲靖,平河口
曲靖,新安
曲靖,曲靖
曲靖,曲靖北
曲靖,江所田
曲靖,照福铺
曲靖,白水镇
曲靖,白沙坡
曲靖,秧草地
曲靖,罗平
曲靖,羊尾哨
曲靖,羊者窝
曲靖,芦沟
曲靖,车转湾
曲靖,长坡岭
曲靖,陆良
曲靖,马龙
朔州,山阴
朔州,山阴南
朔州,岱岳
朔州,应县
朔州,应县西
朔州,怀仁
朔州,怀仁东
朔州,朔州
朔州,朔州东
朔州,神头
朗县,朗县
朝阳,三十家
朝阳,上园
朝阳,公营子
朝阳,凌源
朝阳,凌源东
朝阳,北票
朝阳,叶柏寿
朝阳,喀左
朝阳,大平房
朝阳,奈林皋
朝阳,巴图营
朝阳,建平
朝阳,朝阳南
朝阳,水泉
朝阳,牛河梁
朝阳,能家
朝阳,辽宁朝阳
朝阳,魏杖子
本溪,下马塘
本溪,五女山
本溪,八里甸子
本溪,南芬
本溪,南芬北
本溪,大阳
本溪,小市
本溪,本溪
本溪,本溪新城
本溪,田师府
本溪,石桥子
本溪,碱厂
本溪,祁家堡
本溪,草河口
本溪,连山关
本溪,铁刹山
来宾,来宾
来宾,来宾北
来舟,来舟
杭州,临平南
杭州,千岛湖
杭州,富阳
杭州,富阳西
杭州,建德
杭州,杭州
杭州,杭州东
杭州,杭州南
杭州,杭州西
杭州,桐庐
杭州,桐庐东
松原,乾安
松原,太平川
松原,官字井
松原,扶余
松原,扶余北
松原,松原
松原,查干湖
松原,王府
松原,蔡家沟
松原,通途
松原,长山屯
松原,陶赖昭
林口,林口
林口,林口南
林芝,林芝
枣庄,枣庄
枣庄,枣庄东
枣庄,枣庄西
枣庄,滕州
枣庄,滕州东
柳州,三江南
柳州,三江县
柳州,柳州
柳州,柳江
柳州,融安
柳州,融水
柳州,鹿寨
柳州,鹿寨北
株洲,九郎山
株洲,大丰
株洲,攸县
株洲,攸县南
株洲,株洲
株洲,株洲南
株洲,株洲西
株洲,炎陵
株洲,田心东
株洲,茶陵
株洲,茶陵南
株洲,醴陵
株洲,醴陵东
格尔木,格尔木
桂林,五通
桂林,全州南
桂林,兴安
桂林,兴安北
桂林,恭城
桂林,桂林
桂林,桂林北
桂林,桂林西
桂林,永福南
桂林,阳朔
桑日,桑日
桦南,桦南
桦南,桦南东
梁平,梁平
梁平,梁平南
梅州,丰顺
梅州,丰顺东
梅州,五华
梅州,兴宁
梅州,兴宁南
梅州,华城
梅州,大埔
梅州,建桥
梅州,梅州
梅州,梅州西
梅州,畲江北
梧州,岑溪
梧州,梧州
梧州,梧州南
梧州,藤县
楚雄,元谋西
楚雄,南华
楚雄,小月旧
楚雄,小村
楚雄,尹地
楚雄,广通北
楚雄,楚雄
楚雄,永仁
楚雄,甸心
楚雄,禄丰南
楚雄,羊臼河
楚雄,阿南庄
楚雄,黑井
楚雄,龙塘坝
楚雄,龙骨甸
榆林,吴堡
榆林,子洲
榆林,定边
榆林,府谷
榆林,榆林
榆林,清涧县
榆林,神木
榆林,神木北
榆林,神木南
榆林,神木西
榆林,米脂
榆林,绥德
榆林,锦界
榆林,靖边
武威,上腰墩
武威,古浪
武威,古浪北
武威,园墩
武威,土门子
武威,天祝
武威,天祝西
武威,打柴沟
武威,武威
武威,武威东
武威,武威南
武威,石峡子
武威,谭家井
武威,黄羊镇
武威,黑冲滩
武威,龙沟
武汉,乌龙泉南
武汉,南湖东
武汉,后湖
武汉,土地堂东
武汉,天河机场
武汉,天河街
武汉,山坡东
武汉,左岭
武汉,庙山
武汉,普安
武汉,武昌
武汉,武汉
武汉,武汉东
武汉,汉口
武汉,汤逊湖
武汉,盘龙城
武汉,纸坊东
武汉,花山南
武汉,金银潭
武穴,武穴
武穴,武穴北
武隆,武隆
武隆,武隆南
毕节,八步
毕节,大方
毕节,大方南
毕节,毕节
毕节,法启
毕节,纳雍
毕节,织金
毕节,织金北
毕节,草海
毕节,黔西
永川,永川东
永州,东安东
永州,双牌
永州,永州
永州,江华
永州,江永
永州,祁阳
永州,祁阳北
永州,道州
永州,零陵
永平,永平县
汉中,佛坪
汉中,勉县
汉中,城固
汉中,城固北
汉中,宁强
汉中,宁强南
汉中,巴山
汉中,汉中
汉中,治江
汉中,洋县西
汉中,燕子砭
汉中,略阳
汉中,白水江
汉中,西乡
汉中,阳平关
汕头,汕头
汕头,汕头南
汕头,潮南
汕头,潮阳
汕尾,汕尾
汕尾,陆丰
汕尾,陆丰东
汕尾,陆丰南
汕尾,鲘门
江津,珞璜南
江边村,江边村
江门,双水镇
江门,台山
江门,开平南
江门,恩平
江门,新会
江门,江海
江门,江门
江门,江门东
江门,礼乐
池州,东至
池州,九华山
池州,池州
沈阳,世博园
沈阳,伯官
沈阳,大成
沈阳,孤家子
沈阳,新民
沈阳,新民北
沈阳,林盛堡
沈阳,榆树台
沈阳,沈阳
沈阳,沈阳东
沈阳,沈阳北
沈阳,沈阳南
沈阳,沈阳西
沈阳,深井子
沈阳,皇姑屯
沈阳,苏家屯
沈阳,辽中
沈阳,近海
沈阳,陈相屯
沈阳,马三家
沈阳,高花
沙县,沙县
沧州,东光
沧州,任丘
沧州,吴桥
沧州,沧州
沧州,沧州西
沧州,河间西
沧州,泊头
沧州,肃宁
沧州,青县
河池,南丹
河池,宜州
河池,永安镇
河池,河池西
河池,环江
河池,罗城
河池,都安
河池,金城江
河源,和平
河源,和平北
河源,河源
河源,河源东
河源,河源北
河源,龙川
河源,龙川西
泉州,南安北
泉州,安溪东
泉州,德化
泉州,惠安
泉州,晋江
泉州,永春
泉州,泉州
泉州,泉州东
泉州,泉州南
泉州,泉港
泰安,上高镇
泰安,泰安
泰安,泰山
泰安,燕家庄
泰安,磁窑
泰安,范镇
泰州,姜堰
泰州,泰州
泸州,叙永北
泸州,泸县
泸州,泸州
泸州,泸州东
洛阳,偃师
洛阳,关林
洛阳,新安县
洛阳,汝阳
洛阳,洛阳
洛阳,洛阳东
洛阳,洛阳龙门
济南,历城
济南,商河
济南,大明湖
济南,常庄
济南,济南
济南,济南东
济南,济南西
济南,章丘
济南,章丘北
济南,章丘南
济南,莱芜东
济南,莱芜北
济南,蔺家楼
济南,钢城
济南,长清
济南,雪野
济宁,兖州
济宁,嘉祥
济宁,嘉祥北
济宁,曲阜
济宁,曲阜东
济宁,曲阜南
济宁,梁山
济宁,泗水
济宁,泗水南
济宁,济宁
济宁,济宁东
济宁,济宁北
济宁,邹城
济源,济源
浠水,浠水
浠水,浠水南
海东,乐都
海东,平安驿
海东,民和南
海东,海东
海东,海东西
海北州,海晏
海北州,门源
海口,城西
海口,海口
海口,海口东
海口,秀英
海口,美兰
海口,长流
海西州,乌兰
海西州,茶卡
涪陵,涪陵
涪陵,涪陵北
淄博,临淄北
淄博,南仇
淄博,南博山
淄博,司家岭
淄博,桓台
淄博,淄博
淄博,淄博北
淄博,源迁
淄博,黑旺
淮北,淮北
淮北,淮北北
淮北,青龙山
淮南,凤台南
淮南,寿县
淮南,淮南
淮南,淮南东
淮南,淮南南
淮安,涟水
淮安,淮安
淮安,淮安东
淮安,淮安南
深圳,光明城
深圳,坂田
深圳,平湖
深圳,沙井西
深圳,深圳
深圳,深圳东
深圳,深圳北
深圳,深圳坪山
深圳,深圳机场
深圳,深圳机场北
深圳,深圳西
深圳,福海西
深圳,福田
清远,洲心
清远,清城
清远,清远
清远,源潭
清远,燕湖
清远,英德
清远,英德西
清远,银盏
清远,飞霞
清远,龙塘镇
温州,乐清
温州,乐清东
温州,平阳
温州,楠溪江
温州,温州
温州,温州北
温州,温州南
温州,瑞安
温州,苍南
温州,雁荡山
渭南,华州
渭南,合阳
渭南,合阳北
渭南,大荔
渭南,孙镇
渭南,孟塬
渭南,张桥
渭南,渭南
渭南,渭南北
渭南,渭南南
渭南,渭南西
渭南,潼关
渭南,澄城
渭南,白水县
渭南,蒲城
渭南,蒲城东
渭南,钟家村
渭南,韦庄
渭南,韩城
湖州,安吉
湖州,德清
湖州,德清西
湖州,湖州
湖州,湖州东
湖州,湖州南浔
湖州,长兴
湖州,长兴南
湘潭,昭山
湘潭,板塘
湘潭,湘乡
湘潭,湘潭
湘潭,湘潭北
湘潭,荷塘
湘潭,韶山
湘潭,韶山南
湛江,吴川
湛江,廉江
湛江,徐闻
湛江,河唇
湛江,湛江
湛江,湛江西
湛江,遂溪
湛江,雷州
滁州,全椒
滁州,定远
滁州,明光
滁州,滁州
滁州,滁州北
滨州,博兴
滨州,滨州
滨州,邹平
滨州,阳信
漯河,临颍
漯河,漯河
漯河,漯河西
漳州,云霄
漳州,南靖
漳州,漳州
漳州,漳州东
漳州,漳浦
漳州,角美
漳州,诏安
漳州,龙山镇
漾濞,漾濞
潍坊,昌乐
潍坊,昌邑
潍坊,潍坊
潍坊,潍坊北
潍坊,诸城
潍坊,青州市
潍坊,青州市北
潍坊,高密
潍坊,高密北
潜江,潜江
潮州,潮安
潮州,潮州
潮州,潮汕
潮州,饶平
潼南,潼南
澄迈,福山镇
澄迈,老城镇
濮阳,南乐
濮阳,台前
濮阳,濮阳
濮阳,濮阳东
灵武,灵武
烟台,徐家店
烟台,招远
烟台,桃村
烟台,桃村北
烟台,海阳
烟台,海阳北
烟台,烟台
烟台,烟台南
烟台,烟台西
烟台,牟平
烟台,福山
烟台,福山北
烟台,芝罘
烟台,莱州
烟台,莱阳
烟台,莱阳南
烟台,蓬莱
烟台,龙口市
焦作,修武
焦作,修武西
焦作,月山
焦作,武陟
焦作,沁阳
焦作,焦作
焦作,焦作东
焦作,焦作西
牡丹江,下城子
牡丹江,东京城
牡丹江,伊林
牡丹江,八面通
牡丹江,兰岗
牡丹江,古城镇
牡丹江,向阳
牡丹江,奎山
牡丹江,宁安
牡丹江,宝林
牡丹江,山市
牡丹江,拉古
牡丹江,朱家沟
牡丹江,柴河
牡丹江,桦林
牡丹江,楚山
牡丹江,横道河子
牡丹江,横道河子东
牡丹江,海林
牡丹江,海林北
牡丹江,温春
牡丹江,牡丹江
牡丹江,石头
牡丹江,磨刀石
牡丹江,穆棱
牡丹江,绥芬河
牡丹江,绥阳
牡丹江,长汀镇
牡丹江,青山
牡丹江,马莲河
牡丹江,鹿道
玉林,兴业
玉林,兴业南
玉林,北流
玉林,博白
玉林,容县
玉林,文地
玉林,玉林
玉林,玉林北
玉林,陆川
玉溪,玉溪
玉溪,通海
玉门,低窝铺
珠海,三灶东
珠海,井湾
珠海,前山
珠海,十字门
珠海,唐家湾
珠海,明珠
珠海,横琴
珠海,横琴北
珠海,湾仔
珠海,湾仔北
珠海,珠海
珠海,珠海北
珠海,珠海机场
珠海,珠海长隆
琅勃拉邦,琅勃拉邦
琼海,博鳌
琼海,琼海
璧山,璧山
白城,两家
白城,到保
白城,大安
白城,大安北
白城,安广
白城,平台
白城,平安镇
白城,建设
白城,洮南
白城,白城
白城,通榆
白城,镇西
白城,镇赉
白城,黑水
白山,临江
白山,咋子
白山,抚松
白山,江源
白山,江源东
白山,白山东
白山,白山市
白山,长白山西
白山,靖宇
白银,东湾
白银,兴泉堡
白银,北滩
白银,吴家川
白银,平川西
白银,庆阳山
白银,景泰
白银,白银南
白银,白银市
白银,白银西
白银,红岘台
白银,红砂岘
白银,长城
白银,长征
白银,靖远
白银,靖远北
白银,靖远西
百色,平果
百色,德保
百色,田东
百色,田东北
百色,田林
百色,田阳
百色,百色
百色,靖西
益阳,安化
益阳,益阳
益阳,益阳南
盐城,东台
盐城,响水县
盐城,射阳
盐城,建湖
盐城,滨海港
盐城,盐城
盐城,盐城北
盐城,盐城大丰
盐城,阜宁
盐城,阜宁东
盐城,阜宁南
盘锦,盘山
盘锦,盘锦
盘锦,盘锦北
眉山,彭山
眉山,彭山北
眉山,眉山
眉山,眉山东
眉山,青神
石嘴山,大武口
石嘴山,大磴沟
石嘴山,惠农
石嘴山,惠农南
石嘴山,汝箕沟
石嘴山,沙湖
石嘴山,白芨沟
石嘴山,石嘴山
石嘴山,石嘴山南
石家庄,井南
石家庄,井陉
石家庄,元氏
石家庄,南峪
石家庄,新乐
石家庄,晋州
石家庄,正定
石家庄,正定机场
石家庄,石家庄
石家庄,石家庄东
石家庄,石家庄北
石家庄,藁城
石家庄,藁城南
石家庄,辛集
石家庄,辛集南
石家庄,高邑
石家庄,高邑西
石柱,石柱县
石柱县,黄水
石河子,石河子
磨丁,磨丁
神农架,神农架
福州,平潭
福州,永泰
福州,福州
福州,福州南
福州,福清
福州,福清西
福州,罗源
福州,连江
福州,长乐
福州,长乐东
福州,长乐南
福州,闽清
福州,闽清北
秀山,秀山
秦皇岛,北戴河
秦皇岛,卢龙
秦皇岛,山海关
秦皇岛,抚宁
秦皇岛,昌黎
秦皇岛,秦皇岛
米林,米林
綦江,綦江东
綦江,赶水东
纳堆,纳堆
绍兴,上虞
绍兴,上虞南
绍兴,嵊州北
绍兴,嵊州新昌
绍兴,新昌北
绍兴,绍兴
绍兴,绍兴东
绍兴,绍兴北
绍兴,诸暨
绥化,东津
绥化,东边井
绥化,四方台
绥化,安达
绥化,宋
绥化,尚家
绥化,庆安
绥化,张维屯
绥化,海伦
绥化,海北
绥化,秦家
绥化,绥化
绥化,绥棱
绥化,羊草
绥化,肇东
绥化,里木店
绵阳,安州
绵阳,江油
绵阳,江油北
绵阳,绵阳
绵阳,青莲
绵阳,高川
老挝万荣,万荣
聊城,临清
聊城,冠县
聊城,聊城
聊城,聊城西
聊城,茌平
聊城,茌平南
聊城,莘县
聊城,阳谷
肇庆,四会
肇庆,大旺
肇庆,广宁
肇庆,怀集
肇庆,端州
肇庆,肇庆
肇庆,肇庆东
肇庆,鼎湖东
肇庆,鼎湖山
自贡,富顺
自贡,沿滩
自贡,自贡
自贡,自贡北
芜湖,南陵
芜湖,无为
芜湖,无为南
芜湖,湾沚南
芜湖,繁昌西
芜湖,芜湖
芜湖,芜湖北
芜湖,芜湖南
芦溪,芦溪
苏州,太仓
苏州,太仓南
苏州,常熟
苏州,张家港
苏州,昆山
苏州,昆山南
苏州,盛泽
苏州,花桥
苏州,苏州
苏州,苏州北
苏州,苏州南
苏州,苏州园区
苏州,苏州新区
苏州,阳澄湖
茂名,信宜
茂名,化州
茂名,电白
茂名,茂名
茂名,茂名西
茂名,马踏
茂名,高州
茫崖,茫崖
荆州,松滋西
荆州,荆州
荆门,京山
荆门,沙洋西
荆门,荆门
荆门,荆门西
荆门,钟祥
荣昌,荣昌北
莆田,仙游
莆田,涵江
莆田,莆田
莱芜,莱芜西
菏泽,东明县
菏泽,定陶
菏泽,巨野
菏泽,巨野北
菏泽,庄寨
菏泽,曹县
菏泽,菏泽
菏泽,菏泽东
菏泽,郓城
菏泽,鄄城
萍乡,萍乡
萍乡,萍乡北
营口,大石桥
营口,熊岳城
营口,盖州
营口,盖州西
营口,营口
营口,营口东
营口,鲅鱼圈
葫芦岛,东戴河
葫芦岛,兴城
葫芦岛,兴城西
葫芦岛,建昌
葫芦岛,绥中
葫芦岛,绥中北
葫芦岛,葫芦岛
葫芦岛,葫芦岛北
蒙自,屏边
蒙自,建水
蒙自,开远南
蒙自,弥勒
蒙自,曲江
蒙自,朋普
蒙自,河口北
蒙自,竹园
蒙自,红河
蒙自,蒙自
蒲城,蒲石
蒲城,陈庄
蕲春,蕲春
蕲春,蕲春南
蚌埠,固镇
蚌埠,蚌埠
蚌埠,蚌埠南
衡水,大营镇
衡水,景州
衡水,枣强
衡水,深州
衡水,王瞳
衡水,衡水
衡水,衡水北
衡水,饶阳
衡水,龙华
衡阳,祁东
衡阳,祁东北
衡阳,耒阳
衡阳,耒阳西
衡阳,衡南
衡阳,衡山
衡阳,衡山西
衡阳,衡阳
衡阳,衡阳东
衡阳,西渡
衢州,常山
衢州,开化
衢州,江山
衢州,衢州
衢州,龙游
衢州,龙游南
襄阳,保康县
襄阳,南漳
襄阳,宜城南
襄阳,枣阳
襄阳,襄州
襄阳,襄阳
襄阳,襄阳东
襄阳,谷城
襄阳,谷城北
西宁,大通西
西宁,湟源
西宁,西宁
西安,临潼
西安,引镇
西安,永乐店
西安,西安
西安,西安北
西安,西安西
西安,鄠邑
西安,阎良
西昌,冕宁
西昌,喜德
西昌,喜德西
西昌,德昌
西昌,德昌西
西昌,普雄
西昌,月华
西昌,甘洛南
西昌,西昌
西昌,西昌西
西昌,越西
许昌,禹州
许昌,许昌
许昌,许昌东
许昌,许昌北
许昌,鄢陵
许昌,长葛
许昌,长葛北
贡嘎,贡嘎
贵港,平南南
贵港,桂平
贵港,贵港
贵阳,修文县
贵阳,党武
贵阳,南江
贵阳,双龙南
贵阳,天河潭
贵阳,孟关
贵阳,开阳
贵阳,息烽
贵阳,洛湾三江
贵阳,清镇西
贵阳,湖潮东
贵阳,白云北
贵阳,白云西
贵阳,百宜
贵阳,芦官
贵阳,花溪南
贵阳,花溪大学城
贵阳,花溪西
贵阳,贵安
贵阳,贵阳
贵阳,贵阳东
贵阳,贵阳北
贵阳,金华镇
贵阳,金阳
贵阳,金阳南
贵阳,龙洞堡
贺州,富川
贺州,贺州
贺州,钟山
贺州,钟山西
资溪,资溪
资阳,资阳北
资阳,资阳西
赣州,会昌北
赣州,信丰
赣州,信丰西
赣州,兴国
赣州,兴国西
赣州,大余
赣州,宁都
赣州,定南
赣州,定南南
赣州,瑞金
赣州,石城东
赣州,赣县北
赣州,赣州
赣州,赣州西
赣州,龙南
赣州,龙南东
赤峰,乃林
赤峰,乌丹
赤峰,四道湾
赤峰,大板
赤峰,天义
赤峰,宁城
赤峰,平庄
赤峰,平庄北
赤峰,平庄南
赤峰,敖汉
赤峰,新窝铺
赤峰,林东
赤峰,林西
赤峰,查布嘎
赤峰,红花沟
赤峰,经棚
赤峰,老府
赤峰,赤峰
赤峰,赤峰南
辽源,东丰
辽源,建安
辽源,白泉
辽源,辽源
辽阳,灯塔
辽阳,辽阳
达州,万源
达州,土溪
达州,宣汉
达州,开江
达州,毛坝
达州,渠县
达州,石桥
达州,石梯
达州,达州
运城,东镇
运城,新绛
运城,永济
运城,永济北
运城,河津
运城,稷山
运城,运城
运城,运城北
运城,闻喜
运城,闻喜西
运城,风陵渡
连云港,东海县
连云港,灌云
连云港,灌南
连云港,赣榆
连云港,连云港
连云港,连云港东
通化,三源浦
通化,二密河
通化,山城镇
通化,朝阳镇
通化,柳河
通化,梅河口
通化,通化
通化,通化县
通化,集安
通辽,东明村
通辽,东来
通辽,保康
通辽,八仙筒
通辽,大林
通辽,奈曼
通辽,宝龙山
通辽,库伦
通辽,开鲁
通辽,扎鲁特
通辽,敖力布告
通辽,木里图
通辽,治安
通辽,珠斯花
通辽,甘旗卡
通辽,白音他拉
通辽,舍力虎
通辽,通辽
通辽,金宝屯
通辽,霍林郭勒
通辽,黄花筒
遂宁,大英东
遂宁,蓬溪
遂宁,遂宁
遵义,娄山关南
遵义,桐梓东
遵义,桐梓北
遵义,遵义
遵义,遵义南
遵义,遵义西
邢台,临城
邢台,临西
邢台,南宫东
邢台,沙河市
邢台,清河城
邢台,邢台
邢台,邢台东
那曲,安多
那曲,那曲
邯郸,东戌
邯郸,井店
邯郸,什里店
邯郸,偏店
邯郸,午汲
邯郸,广平
邯郸,康城
邯郸,徘徊北
邯郸,悬钟
邯郸,武安
邯郸,涉县
邯郸,磁县
邯郸,磁山
邯郸,磁西
邯郸,豆庄
邯郸,邯郸
邯郸,邯郸东
邯郸,阳邑
邵东,大禾塘
邵阳,杨桥
邵阳,洞口
邵阳,邵东
邵阳,邵阳
邵阳,邵阳北
邵阳,邵阳西
邵阳,隆回
郑州,中牟
郑州,南曹
郑州,南阳寨
郑州,孟庄
郑州,巩义
郑州,巩义南
郑州,新郑
郑州,新郑机场
郑州,绿博园
郑州,贾鲁河
郑州,郑州
郑州,郑州东
郑州,郑州航空港
郑州,郑州西
郑州,黄河景区
郴州,安仁
郴州,郴州
郴州,郴州西
都匀,三都县
都匀,独山
都匀,独山东
都匀,福泉
都匀,荔波
都匀,贵定
都匀,贵定北
都匀,贵定县
都匀,都匀
都匀,都匀东
都匀,麻尾
都匀,龙里北
鄂尔多斯,东胜
鄂尔多斯,东胜东
鄂尔多斯,东胜西
鄂尔多斯,乌审旗
鄂尔多斯,准格尔
鄂尔多斯,达拉特旗
鄂尔多斯,达拉特西
鄂尔多斯,鄂尔多斯
鄂州,华容
鄂州,华容东
鄂州,华容南
鄂州,葛店南
鄂州,鄂州
鄂州,鄂州东
酉阳,酉阳
酒泉,东风南
酒泉,敦煌
酒泉,柳园
酒泉,柳园南
酒泉,河东里
酒泉,清水
酒泉,清水北
酒泉,玉门
酒泉,瓜州
酒泉,疏勒河
酒泉,肃北
酒泉,肃州
酒泉,酒泉
酒泉,酒泉南
酒泉,金塔
酒泉,阿克塞
重庆,南彭
重庆,古路
重庆,复盛
重庆,巴南
重庆,水土
重庆,永川南
重庆,江北机场
重庆,江津北
重庆,沙坪坝
重庆,珞璜东
重庆,统景
重庆,迎龙
重庆,重庆
重庆,重庆东
重庆,重庆北
重庆,重庆南
重庆,重庆西
重庆,银花
重庆,龙兴
金华,东阳北
金华,义乌
金华,兰溪
金华,横店
金华,武义
金华,武义北
金华,永康
金华,永康南
金华,浦江
金华,磐安
金华,磐安南
金华,金华
金华,金华南
金昌,玉石
金昌,芨岭
金昌,金昌
钦州,小董
钦州,康熙岭
钦州,钦州
钦州,钦州东
钦州,马皇
铁岭,三江口
铁岭,八面城
铁岭,开原
铁岭,开原西
铁岭,昌图
铁岭,昌图西
铁岭,西丰
铁岭,铁岭
铁岭,铁岭西
铁门关,铁门关
铜仁,朱砂古镇
铜仁,松桃
铜仁,玉屏
铜仁,铜仁
铜仁,铜仁南
铜川,耀州
铜川,铜川东
铜陵,铜陵
铜陵,铜陵北
银川,宁东
银川,宁东南
银川,暖泉
银川,河东机场
银川,灵武北
银川,银川
锡林郭勒,朱日和
锡林郭勒,桑根达来
锡林郭勒,正镶白旗
锡林郭勒,苏尼特左旗
锡林郭勒,赛汗塔拉
锡林郭勒,锡林浩特
锡林郭勒,阿巴嘎旗
锦州,七里河
锦州,义县
锦州,义县西
锦州,八角台
锦州,凌海
锦州,凌海南
锦州,周家屯
锦州,大虎山
锦州,小东
锦州,新立屯
锦州,沟帮子
锦州,泥河子
锦州,锦州
锦州,锦州北
锦州,锦州南
锦州,黑山北
镇江,丹徒
镇江,丹阳
镇江,丹阳北
镇江,句容
镇江,句容西
镇江,大港南
镇江,宝华山
镇江,镇江
镇江,镇江南
长寿,长寿
长寿,长寿北
长寿,长寿湖
长春,九台
长春,九台南
长春,五棵树
长春,公主岭
长春,公主岭南
长春,农安
长春,华家
长春,双阳
长春,哈拉海
长春,开安
长春,德惠
长春,德惠西
长春,柴岗
长春,榆树
长春,长春
长春,长春南
长春,长春西
长春,龙嘉
长汀,长汀
长汀,长汀南
长沙,先锋
长沙,八方山
长沙,宁乡
长沙,宁乡西
长沙,尖山
长沙,开福寺
长沙,暮云
长沙,树木岭
长沙,洞井
长沙,湘府路
长沙,芙蓉南
长沙,观沙岭
长沙,谷山
长沙,长沙
长沙,长沙南
长沙,长沙西
长沙,香樟路
长沙,麓谷
长治,微子镇
长治,武乡
长治,武乡东
长治,水洋
长治,沁县
长治,潞城
长治,襄垣
长治,襄垣东
长治,长治
长治,长治东
长治,长治北
长治,长治南
长治,黎城
阜新,乌兰木图
阜新,十家子
阜新,大巴
阜新,彰武
阜新,新邱
阜新,泡子
阜新,清河门北
阜新,章古台
阜新,阜新
阜新,阜新南
阜阳,三堂集
阜阳,临泉
阜阳,太和东
阜阳,太和北
阜阳,界首南
阜阳,界首市
阜阳,阜南
阜阳,阜阳
阜阳,阜阳西
阜阳,颍上
阜阳,颍上北
防城港,东兴市
防城港,茅岭
防城港,防城港北
阳江,春湾
阳江,阳东
阳江,阳春
阳江,阳江
阳江,阳西
阳泉,娘子关
阳泉,岩会
阳泉,平定
阳泉,阳泉
阳泉,阳泉东
阳泉,阳泉北
阿克苏,库车
阿克苏,新和
阿克苏,阿克苏
阿克苏,阿拉尔
阿克苏,阿瓦提
阿勒泰,北屯市
阿勒泰,富蕴
阿勒泰,福海
阿勒泰,阿勒泰
阿图什,阿克陶
阿图什,阿图什
阿坝藏族羌族自治州,松潘
阿坝藏族羌族自治州,茂县
阿坝藏族羌族自治州,镇江关
阿坝藏族羌族自治州,黄胜关
阿坝藏族羌族自治州,黄龙九寨
阿拉善,呼鲁斯太
阿拉善,岳家井
阿拉善,额济纳
陇南,两当
陇南,哈达铺
陇南,宏庆
陇南,徽县
陇南,陇南
陵水,陵水
随州,广水
随州,随县
随州,随州
随州,随州南
雅安,名山
雅安,汉源
雅安,雅安
青岛,即墨北
青岛,城阳
青岛,夏格庄
青岛,平度
青岛,平度西
青岛,灰埠
青岛,红岛
青岛,胶州
青岛,胶州北
青岛,莱西
青岛,莱西南
青岛,董家口
青岛,蓝村
青岛,青岛
青岛,青岛北
青岛,青岛机场
青岛,青岛西
青铜峡,大坝
鞍山,台安
鞍山,台安南
鞍山,岫岩
鞍山,海城
鞍山,海城西
鞍山,西柳
鞍山,鞍山
鞍山,鞍山西
韶关,丹霞山
韶关,乐昌
韶关,乐昌东
韶关,南雄
韶关,坪石
韶关,始兴
韶关,韶关
韶关,韶关东
香格里拉,小中甸
香格里拉,香格里拉
香港,香港西九龙
马桥河,马桥河
马鞍山,含山南
马鞍山,当涂东
马鞍山,马鞍山
马鞍山,马鞍山东
驻马店,确山
驻马店,西平
驻马店,遂平
驻马店,驻马店
驻马店,驻马店西
鸡西,东方红
鸡西,东海
鸡西,兴凯
鸡西,卫星
鸡西,密山
鸡西,杨岗
鸡西,梨树镇
鸡西,永安乡
鸡西,滴道
鸡西,石磷
鸡西,虎林
鸡西,裴德
鸡西,西麻山
鸡西,迎春
鸡西,青龙
鸡西,鸡东
鸡西,鸡西
鸡西,鸡西西
鸡西,麻山
鸡西,黑台
鹤壁,鹤壁
鹤壁,鹤壁东
鹤岗,宝泉岭
鹤岗,峻德
鹤岗,新华
鹤岗,鹤岗
鹰潭,余江
鹰潭,贵溪
鹰潭,鹰潭
鹰潭,鹰潭北
麦园,麦园
黄冈,红安
黄冈,蔡山
黄冈,麻城
黄冈,麻城北
黄冈,黄冈
黄冈,黄冈东
黄冈,黄冈西
黄冈,黄州
黄冈,黄梅
黄冈,黄梅东
黄山,三阳
黄山,歙县
黄山,歙县北
黄山,祁门
黄山,祁门南
黄山,黄山
黄山,黄山北
黄山,黄山西
黄山,黟县东
黄石,大冶北
黄石,枫林
黄石,白沙铺
黄石,花湖
黄石,阳新
黄石,黄石
黄石,黄石东
黄石,黄石北
黑河,九三
黑河,二龙山屯
黑河,五大连池
黑河,伊拉哈
黑河,北安
黑河,嫩江
黑河,孙吴
黑河,李家
黑河,襄河
黑河,西岗子
黑河,赵光
黑河,辰清
黑河,通北
黑河,锦河
黑河,黑河
黑河,龙镇
黔江,黔江
齐齐哈尔,三间房
齐齐哈尔,中和
齐齐哈尔,二道湾
齐齐哈尔,依安
齐齐哈尔,克东
齐齐哈尔,克山
齐齐哈尔,六合镇
齐齐哈尔,冯屯
齐齐哈尔,团结
齐齐哈尔,塔哈
齐齐哈尔,大兴
齐齐哈尔,富拉尔基
齐齐哈尔,富海
齐齐哈尔,富裕
齐齐哈尔,平洋
齐齐哈尔,拉哈
齐齐哈尔,昂昂溪
齐齐哈尔,榆树屯
齐齐哈尔,江桥
齐齐哈尔,汤池
齐齐哈尔,泰来
齐齐哈尔,碾子山
齐齐哈尔,老莱
齐齐哈尔,讷河
齐齐哈尔,齐齐哈尔
齐齐哈尔,齐齐哈尔南
齐齐哈尔,龙江
龙岩,上杭
龙岩,冠豸山
龙岩,冠豸山南
龙岩,双洋
龙岩,古田会址
龙岩,武平
龙岩,永定
龙岩,漳平
龙岩,漳平西
龙岩,雁石南
龙岩,龙岩
